{"Score":{"Accuracy":0.7622427253,"Precision":0.5370018975,"Recall":0.756684492,"F1-Score":0.628190899,"ROC-AUC":0.841008551}}