{"DrugY":{"precision":0.9642857143,"recall":1.0,"f1-score":0.9818181818,"support":27.0},"drugA":{"precision":1.0,"recall":1.0,"f1-score":1.0,"support":7.0},"drugB":{"precision":1.0,"recall":1.0,"f1-score":1.0,"support":5.0},"drugC":{"precision":1.0,"recall":1.0,"f1-score":1.0,"support":5.0},"drugX":{"precision":1.0,"recall":0.9375,"f1-score":0.9677419355,"support":16.0},"accuracy":{"precision":0.9833333333,"recall":0.9833333333,"f1-score":0.9833333333,"support":0.9833333333},"macro avg":{"precision":0.9928571429,"recall":0.9875,"f1-score":0.9899120235,"support":60.0},"weighted avg":{"precision":0.9839285714,"recall":0.9833333333,"f1-score":0.9832160313,"support":60.0}}